{"GSVM": 34.3265325854, "LSVM": 29.8807820492}